#{"t_start": 1525892454.660609, "env_id": "Hopper-v1"}
r,l,t
11.310426,14,24.293875
6.960602,20,24.315735
8.638701,22,24.338396
14.870522,19,24.359327
15.626449,20,24.380911
4.901498,7,24.389288
21.38556,22,24.41024
9.483638,34,24.452506
15.31767,23,24.479398
10.691824,17,24.500731
22.368751,28,24.533154
26.730158,34,24.573874
7.115994,20,24.59879
12.938603,15,24.616683
8.040278,25,24.647289
11.589843,15,24.665369
14.929909,16,24.686676
44.269548,52,24.750582
16.733798,21,24.775802
12.197863,19,24.799477
3.829034,7,24.807918
20.736676,40,24.856479
94.115224,56,24.925747
6.287462,18,24.946072
15.80429,28,24.979333
8.564321,12,24.993643
16.417441,16,25.009544
5.352911,9,25.021377
25.259453,23,25.044368
8.585433,20,25.06441
22.504899,23,25.087745
9.492871,19,25.106871
10.353447,19,25.126165
20.334781,20,25.146699
31.025853,28,25.177
13.770109,19,25.200756
14.862181,16,25.219217
16.921394,19,25.242185
8.560195,22,25.269836
13.823498,39,25.314116
19.224415,29,25.346803
3.856627,19,25.367815
11.73332,13,25.383856
11.434098,19,25.403483
7.533591,9,25.412898
8.997344,13,25.426078
23.083647,24,25.450094
15.399951,22,25.471735
16.786457,19,25.490929
13.143055,21,25.511508
26.03724,30,25.544533
7.37719,11,25.55825
31.520953,57,25.613766
12.131531,21,25.634567
18.052846,24,25.658725
11.139657,16,25.674439
33.91086,27,25.701471
7.159658,10,25.711297
5.37804,10,25.721061
5.409813,8,25.729025
10.913161,13,25.741536
25.959623,25,25.765889
197.509594,88,25.855268
63.833352,60,25.913399
6.416652,10,25.923608
14.359615,17,25.942507
9.173807,11,25.952954
17.415549,22,25.974854
5.421484,8,25.983087
20.17553,20,26.002923
4.61938,11,26.013739
7.632829,14,26.027675
12.985185,28,26.053937
8.18415,18,26.070671
12.126265,17,26.086701
37.285645,43,26.128026
11.899511,15,26.142885
23.905158,21,26.164268
22.674745,26,26.19291
24.771052,24,26.222273
12.6316,19,26.24538
175.863539,109,26.351101
10.232509,17,26.368246
4.078108,8,26.37645
11.926329,16,26.392356
11.497735,23,26.415636
6.294198,11,26.427194
8.182595,10,26.437484
13.977606,19,26.460244
13.453773,27,26.490837
46.223009,54,27.884205
11.6507,18,27.902744
14.736057,16,27.919606
17.43761,20,27.940012
15.195104,16,27.957159
5.092629,9,27.965924
18.029135,19,27.984838
27.016145,24,28.009039
12.561685,17,28.027004
11.051817,23,28.049586
9.229901,13,28.062295
8.306547,17,28.079493
20.369915,30,28.107804
15.739218,19,28.126056
55.10362,56,28.180359
16.783717,21,28.201469
6.583284,9,28.210105
15.793056,16,28.225281
13.642077,18,28.242481
43.309498,34,28.274555
10.297413,13,28.289239
29.652405,30,28.317494
114.83238,60,28.374222
7.902697,12,28.385875
22.806941,26,28.410886
6.859956,12,28.422406
20.641671,31,28.453322
14.653339,20,28.47399
8.867876,10,28.483621
7.719352,10,28.493977
10.730574,25,28.519147
22.132642,20,28.539446
11.083163,14,28.553811
28.318507,25,28.58019
10.338988,15,28.595786
8.455776,11,28.606543
12.01191,19,28.625466
21.741364,30,28.656022
20.25564,21,28.675966
8.048882,11,28.686926
10.181694,12,28.698731
7.74197,11,28.710888
6.500324,9,28.719582
7.974653,14,28.733973
25.364438,20,28.753826
16.967493,17,28.770838
15.574661,26,28.796618
10.686857,13,28.808896
10.368588,15,28.823287
6.312761,13,28.835953
13.809623,14,28.850004
8.493531,12,28.862968
10.479359,14,28.877081
9.822339,17,28.896991
8.730507,20,28.917507
7.817993,11,28.929335
29.082994,25,28.953338
16.022548,16,28.969994
24.113136,33,29.003025
186.357296,97,29.098279
8.626549,16,29.11419
9.349061,14,29.128262
13.109965,16,29.143906
11.275742,20,29.162673
11.855941,22,29.184501
22.499899,23,29.20638
23.17387,32,29.23798
10.869271,12,29.25053
11.875256,19,29.269263
9.37859,11,29.280167
11.70746,28,29.306732
82.334233,50,29.364941
32.58413,27,29.396098
12.52813,27,29.42892
25.324544,27,29.462197
27.060775,24,29.490978
9.827338,11,29.505587
18.18207,17,29.525865
24.341728,23,29.554466
133.002284,79,29.649058
35.999099,28,29.682178
7.099782,12,29.697863
4.507636,10,29.709543
69.6069,43,29.759273
5.470598,12,29.773892
6.527458,10,29.786981
8.11492,15,29.804584
27.893634,32,29.839117
9.525751,12,29.851774
43.763088,42,29.895474
18.031695,20,29.915977
104.073425,63,30.970155
83.609533,48,31.022318
10.682558,14,31.036465
26.161921,24,31.059932
21.436719,30,31.089108
121.753927,63,31.148782
15.822432,17,31.16469
107.21576,61,31.222203
16.982625,18,31.24022
132.670001,74,31.309679
61.651974,38,31.345239
11.329892,13,31.358329
164.76369,78,31.429418
13.01702,15,31.444527
15.308314,22,31.467744
68.097168,46,31.512095
21.290319,32,31.543288
15.504461,27,31.570893
18.322366,22,31.592668
10.319229,16,31.608137
11.232368,17,31.625049
13.383713,14,31.6391
138.861042,77,31.711576
14.973641,19,31.729582
16.9182,17,31.746815
15.951667,17,31.763983
18.730156,19,31.78246
8.301821,19,31.801266
80.914657,47,31.846033
64.357179,39,31.883776
10.146952,15,31.898316
166.233627,98,31.993535
64.558867,42,32.035643
79.631504,52,32.085818
8.493188,10,32.096685
184.397009,107,32.197635
7.241411,10,32.207834
62.287267,46,32.251671
13.533711,19,32.269661
8.4157,10,32.279546
7.798596,10,32.28965
49.132468,30,32.318398
186.526078,137,32.445797
68.952719,51,32.496881
48.79184,29,32.524457
9.804894,12,32.536935
63.56726,46,32.5799
37.788032,38,32.617348
4.813928,13,32.63006
72.590369,44,32.671261
103.572061,69,32.7359
30.626489,25,32.760959
71.568764,43,32.802117
17.169599,17,32.819863
13.627327,17,32.836832
35.13605,38,32.873833
10.962466,15,32.889493
23.880241,28,32.919772
41.005684,41,33.895022
71.571648,45,33.941021
199.990869,106,34.043492
16.6596,16,34.060276
150.75747,90,34.145755
150.613253,111,34.248856
130.230276,70,34.314755
33.50136,28,34.342294
172.238442,84,34.421937
141.25436,71,34.494618
212.951759,107,34.609808
118.581883,62,34.725007
77.149681,55,34.804042
98.732035,60,34.876381
138.886412,73,34.950558
82.628912,46,34.996408
16.489415,18,35.015029
9.722127,14,35.029449
126.001423,110,35.135014
125.078769,69,35.203253
88.348445,52,35.266889
141.35753,77,35.364879
72.141313,44,35.422357
57.40158,47,35.481475
12.278824,14,35.499229
10.791676,13,35.515809
166.778227,94,35.635059
157.102607,88,35.742906
32.838837,27,35.775878
114.053928,66,35.859238
211.903023,97,35.996459
44.819188,34,36.041339
29.448732,24,36.07265
18.690819,18,36.094184
136.30312,78,36.18393
161.970576,80,37.168842
124.409755,64,37.227255
110.173339,62,37.284493
62.384048,37,37.319453
119.756148,70,37.383257
177.133651,96,37.470015
41.868143,25,37.493454
209.853462,104,37.590658
205.230539,122,37.702366
138.691449,70,37.766861
83.729485,51,37.814727
67.700754,43,37.853849
287.033546,163,38.076383
163.866235,83,38.156109
183.964049,139,38.335417
163.695635,84,38.417633
92.305593,52,38.46676
163.713664,84,38.592868
136.438448,75,38.721189
66.676897,40,38.760963
47.625975,29,38.789553
71.543116,44,38.832418
223.620224,106,38.936906
40.336823,30,38.973809
157.594848,80,39.07065
199.770064,89,39.19272
109.480059,76,39.276235
33.644838,25,39.302622
75.6598,45,40.366294
121.735994,73,40.454095
155.793209,88,40.55423
181.79363,85,40.653321
112.813297,60,40.715795
182.161658,85,40.841581
183.042834,94,40.975444
186.389535,85,41.09076
90.038389,54,41.168096
80.145815,47,41.227293
158.617591,79,41.326389
212.877359,98,41.454883
198.53668,95,41.58591
17.73045,26,41.621752
221.585828,98,41.7209
120.368695,69,41.788014
134.260206,68,41.886009
74.859928,47,41.964174
16.133104,22,41.992258
157.699742,88,42.117858
80.65554,46,42.184604
80.189679,49,42.249802
189.771895,100,42.383662
175.254075,80,42.504274
213.752888,111,42.728897
227.54018,108,42.847885
237.374129,113,42.969007
227.827319,102,44.567275
101.708405,56,44.62064
60.709683,37,44.656586
198.079138,89,44.750905
165.627455,77,44.820859
221.682547,107,44.923672
77.34177,46,44.971668
209.875074,101,45.064877
70.30223,41,45.10287
202.932016,92,45.188178
59.896321,36,45.224127
178.021834,84,45.309153
225.307711,120,45.4805
208.314575,105,45.577079
224.561995,103,45.67089
198.856882,90,45.754138
200.707441,92,45.846207
238.035164,129,45.974135
215.707535,101,46.086833
194.373563,85,46.1667
197.240703,87,46.249169
135.852324,70,46.31816
131.493567,67,46.381007
121.033006,64,46.439195
143.888791,76,46.508854
207.8061,97,47.630188
224.186866,108,47.753884
215.279663,100,47.864636
201.067099,93,47.958018
91.640832,53,48.019958
218.659718,111,48.127456
225.283575,107,48.224758
209.792119,96,48.314705
166.878794,80,48.39922
224.047604,108,48.521538
87.41497,50,48.571771
205.394511,97,48.67101
226.816773,105,48.778968
199.855192,102,48.873686
229.421938,101,48.973165
200.508887,102,49.073443
204.916833,92,49.166812
208.777364,92,49.288821
148.6103,73,49.359171
137.168391,71,49.42835
197.547753,106,49.533189
154.906872,75,49.604942
210.065327,94,50.985368
197.756386,87,51.180049
184.354629,85,51.268625
230.006692,101,51.374749
223.054901,105,51.481928
217.784018,111,51.615127
235.746907,112,51.74419
224.821498,98,51.859865
55.81255,34,51.907824
210.96019,100,52.028334
97.467954,55,52.085
218.737201,101,52.181449
201.983624,94,52.269182
73.964013,42,52.309089
214.359145,95,52.408176
197.231329,95,52.509126
223.75581,104,52.621665
190.248499,87,52.706993
207.392463,94,52.822354
195.324999,90,52.933723
228.785998,108,53.061878
197.814668,89,53.164458
224.159626,99,53.278176
197.313338,97,54.62903
223.515004,100,54.747442
209.177114,101,54.865539
211.466125,98,54.978642
209.754448,99,55.09244
204.172189,96,55.198633
210.545707,100,55.296029
234.956221,110,55.416253
222.427828,103,55.531997
231.45388,111,55.698622
214.170309,95,55.861535
230.455127,101,56.025141
220.53104,107,56.179127
198.218815,98,56.312137
207.892366,100,56.411199
217.916259,100,56.52432
210.82215,99,56.633765
202.175424,94,56.735975
210.731144,94,56.843409
230.334428,104,56.965531
203.008839,100,57.082204
235.930999,109,58.086307
89.941541,50,58.132149
213.087215,93,58.217224
197.163558,90,58.300047
209.518113,95,58.386287
202.49111,90,58.468235
204.254146,104,58.562511
205.067039,101,58.653835
202.16067,94,58.738079
211.241881,106,58.833383
208.007689,92,58.918285
192.641943,96,59.005109
200.323206,90,59.087047
202.03224,98,59.176259
184.15339,83,59.251186
218.495799,98,59.340784
224.159923,102,59.433004
190.441146,96,59.518894
219.918407,97,59.607031
207.858313,102,59.698991
197.277848,92,59.782044
208.258613,97,60.832056
183.366845,85,60.917475
231.496006,105,61.037121
201.186319,91,61.141738
209.647615,96,61.244917
186.36258,84,61.322058
213.020631,104,61.425944
219.581569,96,61.560338
206.873509,93,61.648203
214.480319,93,61.732915
227.576095,109,61.831758
229.801729,102,61.925551
215.535973,100,62.020335
202.296018,91,62.106489
222.420131,103,62.199889
213.917764,95,62.287564
205.937378,92,62.371505
231.489908,110,62.470783
218.238511,99,62.560407
202.094192,96,62.654468
210.198263,99,62.744337
86.162385,49,62.788397
232.185853,100,63.775935
213.506399,96,63.864927
148.732323,78,63.938204
210.172622,94,64.024375
197.589956,88,64.105445
302.815826,122,64.215877
141.049232,69,64.279597
232.085915,108,64.377314
240.49801,118,64.484346
212.337209,96,64.571825
203.762116,96,64.658574
215.764839,98,64.747313
200.613351,90,64.828332
200.443339,90,64.916081
217.46761,98,65.005556
211.834678,95,65.091577
204.788075,90,65.173202
236.337748,107,65.270125
192.515552,86,65.348857
179.558854,82,65.427528
199.453947,90,65.511959
212.658357,98,66.497568
226.719686,100,66.595725
208.421743,93,66.684028
205.112424,99,66.779116
191.635627,85,66.856477
220.266004,101,66.948589
191.244802,89,67.029022
224.941958,101,67.126645
210.629027,92,67.209887
210.431016,95,67.295698
361.631238,140,67.42494
245.502773,105,67.52261
198.397177,91,67.608679
218.786978,95,67.715243
217.805256,101,67.830169
232.889275,97,67.94065
244.7227,115,68.071749
219.709013,95,68.225913
199.273225,88,68.36355
216.129617,96,68.517962
193.961974,87,68.712977
231.735162,100,69.736175
281.522181,124,69.848146
197.189228,89,69.929555
285.567551,124,70.040526
281.434547,129,70.158676
202.229317,91,70.241089
214.403644,97,70.328105
226.872713,101,70.419133
200.693056,87,70.497552
208.004016,93,70.58113
209.417894,92,70.664864
202.050271,90,70.748542
213.470929,97,70.838684
204.141078,92,70.948865
270.308025,115,71.079147
199.694996,90,71.18897
266.859032,128,71.352612
180.290034,88,71.438708
212.518676,94,71.524266
230.654288,103,71.616841
302.20752,129,72.667149
318.027877,125,72.784149
303.286347,120,72.913491
222.164496,98,73.024609
287.400384,125,73.148619
207.593368,94,73.236045
237.789077,103,73.3513
206.758264,97,73.465676
227.892973,103,73.601695
309.889027,125,73.749084
232.438483,101,73.862398
257.905278,104,73.965457
207.2657,92,74.082012
217.749506,95,74.188327
312.026072,127,74.440806
326.727538,123,74.649757
218.856427,96,74.795523
336.878803,134,74.969099
324.694089,126,75.10722
282.865962,111,76.204851
428.245735,171,76.361976
336.366502,130,76.49465
304.483355,119,76.626871
200.639854,91,76.725532
315.378531,123,76.867956
77.813699,44,76.922603
343.268682,131,77.051497
71.53933,42,77.091419
279.4281,122,77.199986
185.116092,86,77.277629
314.222038,143,77.418653
316.624991,120,77.527293
253.15115,113,77.629558
316.90022,124,77.747462
347.384063,132,77.897063
323.164877,129,78.018831
200.995158,91,78.10432
226.785848,98,79.502329
242.458574,102,79.609981
308.605199,120,79.74385
301.753898,121,79.873226
218.373315,95,79.975985
228.829777,98,80.07941
327.369123,129,80.217865
271.534561,111,80.33354
268.336449,114,80.456532
201.16843,92,80.554611
284.159945,130,80.699311
412.085434,172,80.88768
423.193516,176,81.068387
329.659761,135,81.213385
68.545207,40,81.256621
311.270304,116,81.378716
308.991535,120,81.513485
306.716911,134,82.712033
264.159951,105,82.822333
334.213604,129,82.978548
290.04693,130,83.138242
357.279892,141,83.301225
356.183043,154,83.51536
415.218644,179,83.753668
346.295821,146,83.911304
385.71859,179,84.11569
419.040193,154,84.323958
365.211811,144,84.51835
306.51053,123,84.649359
350.161787,135,84.850501
320.52206,128,85.082583
342.824002,128,85.2319
356.962237,140,86.780203
293.082086,119,86.973071
310.063979,113,87.1403
267.678102,111,87.342248
339.497142,125,87.532079
349.572437,132,87.725862
312.818584,121,87.868801
430.628058,162,88.091687
260.20517,108,88.223607
316.46166,134,88.422747
301.068469,122,88.559602
216.105034,111,88.737566
213.853907,98,88.856394
334.360463,131,88.992125
569.558426,202,89.251476
352.224839,133,89.403166
315.08024,118,90.543523
271.759197,111,90.659276
479.579804,167,90.835524
354.116081,141,90.981805
336.885204,126,91.11485
509.28312,186,91.306099
283.081094,126,91.437131
335.876627,125,91.566897
327.609536,131,91.700317
353.940747,127,91.834887
330.607481,123,91.964922
420.154395,154,92.153108
337.449025,128,92.288637
397.050168,159,92.488719
431.29509,184,93.850935
175.892277,86,93.973087
379.815246,144,94.224602
272.600211,107,94.34258
473.726538,167,94.520272
350.48372,132,94.65491
367.120742,135,94.792974
312.998485,134,94.930748
340.004207,125,95.063753
295.269211,110,95.189514
316.695362,119,95.341154
348.683333,131,95.485191
385.255077,134,95.633885
268.222986,104,95.744276
177.217243,85,95.838551
261.922739,109,95.949862
360.097787,137,96.090951
345.24683,139,97.470166
384.729907,143,97.664543
378.574902,147,97.849255
293.163487,121,97.983941
324.528608,129,98.154889
503.735531,181,98.374357
541.577862,188,98.643694
361.242165,127,98.819647
390.853826,145,99.019353
353.329737,129,99.15091
304.527945,117,99.275395
316.353429,119,99.424371
288.872724,121,99.546353
386.989454,157,99.708558
320.890502,120,99.829176
336.245164,124,100.934085
418.240634,153,101.088709
300.526987,125,101.213955
376.831377,132,101.348347
388.792463,143,101.493863
355.086921,126,101.625099
306.70912,123,101.74879
356.454476,129,101.881969
335.531031,128,102.012791
504.388969,181,102.19669
356.864514,132,102.329424
374.920296,130,102.462757
348.993864,128,102.594614
353.708193,130,102.732028
363.953295,134,102.871065
493.762257,168,104.01324
381.689732,136,104.152137
502.58726,173,104.327441
318.147818,126,104.455526
376.249341,138,104.592122
542.483307,190,104.786284
358.493952,132,104.919963
339.722637,131,105.052474
545.473874,180,105.233462
305.213596,130,105.371655
295.145404,113,105.486752
313.119483,120,105.608261
712.866277,254,105.86623
349.536719,131,105.996256
354.563772,136,107.113367
384.187054,142,107.255433
343.039742,134,107.394366
395.363231,136,107.531203
367.745643,130,107.665157
559.148042,188,107.858942
370.595117,135,107.993374
362.398981,133,108.129638
385.135491,142,108.271833
649.490405,211,108.486721
371.313933,139,108.629028
537.618491,182,108.809993
307.12753,124,108.939388
356.075271,130,110.044283
396.781656,139,110.185721
395.48853,143,110.334353
563.005093,185,110.521959
361.272691,135,110.65945
469.530635,163,110.822815
410.714601,139,110.965774
341.068749,125,111.092827
529.389366,195,111.290896
478.771811,160,111.455274
585.738232,190,111.646737
366.006119,151,111.798542
413.390319,142,111.944388
362.848162,137,112.085367
396.660449,138,113.206729
600.75884,195,113.406057
398.051244,144,113.550195
307.135599,135,113.688413
576.075962,185,113.875764
561.412774,197,114.074569
367.037115,136,114.213485
371.949162,142,114.358591
389.117942,135,114.496145
359.550411,137,114.634451
283.073782,128,114.763206
393.309888,139,114.905441
607.395094,201,115.109198
614.608208,212,116.323119
323.387288,117,116.443684
614.792022,190,116.636914
382.228752,133,116.773446
402.959555,144,116.922073
664.203441,218,117.146887
612.051256,205,117.35812
363.556225,140,117.500963
295.047411,129,117.635357
409.982934,139,117.775285
414.305264,142,117.927079
514.765625,194,118.126655
571.43194,179,119.29262
399.797303,142,119.438805
398.187143,151,119.593186
584.712795,203,119.797713
658.865729,199,120.001287
588.64987,185,120.19305
514.827546,169,120.368353
741.347932,232,120.61009
417.220903,141,120.752211
493.34051,163,120.922062
391.356096,136,121.058927
410.096774,147,121.207084
1106.929949,341,122.520729
427.020738,147,122.670608
461.753314,166,122.838743
641.68552,213,123.052522
640.263037,221,123.274619
787.265058,231,123.513067
637.496825,188,123.700843
764.231729,243,123.947866
543.705111,180,124.129865
343.558208,126,124.257327
401.822402,148,124.410351
357.596366,127,125.511409
565.36715,180,125.694813
594.995221,194,125.893063
866.050142,266,126.162063
648.84124,195,126.360936
366.039751,133,126.493649
403.505138,137,126.634827
365.535887,127,126.763131
641.645388,209,126.976668
381.38392,137,127.11583
630.890968,190,127.306963
736.974136,242,128.540964
664.801501,195,128.741516
639.819188,202,128.95205
725.162656,232,129.199208
602.295283,180,129.384746
629.769349,196,129.599776
699.798107,217,129.821423
638.459142,193,130.017267
448.49969,152,130.177116
637.074625,194,130.375335
389.996952,133,130.509364
398.046473,139,131.642702
712.890189,221,131.868879
633.575623,184,132.057109
647.016906,206,132.264592
426.686283,145,132.413121
777.399831,245,132.662694
363.368224,128,132.79302
359.024658,127,132.920175
602.463408,185,133.107487
643.337559,191,133.299084
684.173056,238,133.541317
556.093115,172,134.684118
759.824059,233,134.921543
821.19984,250,135.173199
433.85043,144,135.321421
566.207544,189,135.510106
652.026339,197,135.708904
642.163987,200,135.912129
643.128201,201,136.116105
390.300321,136,136.252334
669.003944,205,136.460736
360.967089,127,136.590698
377.577711,136,137.709358
497.725182,155,137.865945
599.398812,198,138.064855
773.690259,234,138.301675
602.839571,199,138.50492
363.746565,129,138.635796
610.947841,209,138.846541
370.009955,133,138.980121
513.421887,194,139.176727
540.007692,167,139.347296
355.879341,126,139.475085
617.381146,195,139.677562
642.762739,193,140.8439
519.405521,171,141.016996
813.490681,243,141.267763
461.425818,153,141.422035
731.093131,222,141.650596
462.353635,164,141.819468
609.282161,196,142.019393
416.333163,144,142.166134
601.495494,189,142.359488
620.022824,185,142.548857
654.328999,209,142.774376
351.084826,130,143.877457
546.473971,171,144.054882
510.220363,182,144.238881
419.113354,142,144.384685
544.983443,197,144.584004
702.210309,220,144.808771
670.622565,213,145.024065
651.303216,207,145.234572
641.654564,198,145.436613
364.042441,127,145.56628
364.49196,126,145.692986
562.317801,173,145.868852
360.196606,129,146.970009
621.755853,192,147.165564
598.612499,189,147.358988
376.250602,139,147.498835
613.711762,196,147.69523
534.61218,172,147.870998
543.794665,182,148.056487
575.455704,176,148.233043
646.734179,200,148.436802
366.892262,132,148.57033
567.077065,172,148.786972
746.80817,230,149.947735
429.304011,165,150.096475
525.876426,165,150.243571
433.90865,143,150.371698
348.584869,130,150.489028
374.34295,132,150.608866
426.896437,142,150.737623
612.691114,190,150.907249
587.679414,179,151.06736
624.339387,182,151.229427
588.390149,177,151.388289
356.497079,132,151.506637
679.71506,217,151.700071
362.591601,134,152.690556
399.421533,137,152.813013
546.612839,181,152.977453
417.297047,141,153.103846
492.202558,160,153.24654
704.034521,222,153.444902
685.106862,206,153.627968
419.795372,140,153.754281
703.603316,220,153.952278
638.279037,199,154.129461
588.266754,202,154.310792
570.993752,176,155.404292
372.777244,131,155.521282
787.896055,247,155.741847
368.346202,137,155.864837
364.675158,132,155.983897
466.943746,159,156.126168
617.910991,188,156.294092
524.198372,161,156.437105
755.735663,239,156.649634
532.787637,168,156.799078
595.474941,180,156.961158
381.466292,135,157.082449
538.440077,190,158.193967
471.699013,153,158.33304
638.738391,205,158.519253
649.066074,206,158.703891
366.724984,128,158.820186
663.317122,229,159.026925
548.4738,168,159.178252
517.034526,163,159.325608
659.290944,204,159.509074
649.17424,197,159.685986
629.438197,206,159.871394
598.875536,196,160.929124
408.679369,139,161.05514
540.407823,188,161.223946
623.702147,188,161.392658
647.906993,189,161.561632
641.17784,206,161.746997
754.008308,229,161.953577
446.829842,145,162.085168
566.819881,173,162.241493
591.583386,173,162.397478
632.302146,190,162.569601
369.097756,133,162.690265
565.727959,177,163.788787
780.859833,232,163.997706
640.577483,201,164.177547
563.211112,173,164.331321
488.297599,157,164.472855
372.867029,134,164.595389
786.16056,238,164.807134
817.556171,253,165.033175
465.755648,149,165.166279
602.748189,176,165.321964
631.903899,208,166.379587
675.923167,211,166.568265
977.900343,324,166.870455
641.466439,193,167.041516
855.018308,280,167.301323
508.692337,161,167.445077
647.847898,201,167.623309
653.880625,194,167.795938
650.613905,194,167.969113
666.254099,209,168.158159
713.602117,224,169.310256
730.693265,230,169.519659
633.832881,207,169.704975
680.028943,212,169.897463
779.940792,229,170.108259
805.599961,244,170.333447
642.750678,201,170.515606
718.58521,224,170.719552
762.09825,224,170.926108
730.172852,223,172.075326
714.146378,227,172.284105
673.019073,212,172.4784
634.676912,202,172.666454
748.699478,230,172.889088
535.78621,162,173.033488
670.74913,212,173.227833
829.553545,253,173.465861
763.382935,250,173.701345
748.624113,223,174.833341
606.146602,177,174.993084
663.151595,233,175.211206
685.005732,215,175.410602
617.599538,191,175.587911
833.328551,265,175.840713
635.560009,200,176.027006
597.466737,194,176.20679
656.80151,207,176.3998
778.489726,239,176.625754
470.162077,157,177.700899
739.487989,231,177.919058
845.248426,262,178.168788
635.068115,205,178.359652
655.490169,221,178.5687
613.098509,181,178.737341
382.43284,137,178.860397
761.892201,236,179.086484
686.003013,214,179.289709
714.563766,214,179.492664
680.187141,214,180.638748
687.677673,215,180.843734
686.863718,214,181.049349
707.307409,222,181.262715
748.68905,236,181.489879
655.616412,201,181.681304
833.045496,269,181.94353
658.161325,209,182.143866
601.583153,179,182.313727
873.0157,262,183.493543
751.917713,240,183.724464
846.205745,296,184.011723
901.427448,294,184.298157
861.854921,270,184.561127
846.74182,287,184.839272
654.27602,205,185.039445
928.336459,294,185.324924
750.288434,236,186.582157
592.537841,178,186.741131
843.590537,285,186.997463
922.862945,295,187.260376
678.885945,222,187.458567
813.035615,260,187.690319
773.27724,238,187.902038
672.758669,228,188.105198
768.826611,264,189.215368
930.769529,277,189.461283
647.234361,205,189.644441
494.697849,164,189.791674
699.095025,223,189.991606
838.24239,268,190.230764
833.17255,265,190.466474
562.520297,170,190.618195
891.273408,285,190.873123
784.507615,243,191.978001
631.383337,204,192.188323
811.702264,246,192.447293
830.076012,273,192.722054
934.767126,303,193.022729
876.163302,297,193.31571
634.834054,210,193.531828
946.190609,316,193.842372
760.062066,266,195.010991
856.172442,261,195.242712
1323.433863,429,195.622619
698.600943,225,195.823131
936.957899,292,196.083593
1008.87814,321,196.368772
851.322481,289,196.624588
602.942611,185,197.668645
801.995601,258,197.908378
887.622664,292,198.18272
930.651296,280,198.445888
1022.304763,323,198.752357
644.28333,227,198.962387
993.919716,326,199.281332
912.869371,292,200.478743
940.017726,298,200.763207
820.146165,274,201.028023
1160.575442,362,201.380792
993.442553,310,201.684916
863.96297,257,201.938289
1010.281482,307,202.241934
924.711213,290,203.465162
587.089967,225,203.68866
950.491587,291,203.977335
947.476998,292,204.263405
908.530044,292,204.523431
1150.741869,371,204.854371
971.963095,291,205.115898
877.129088,295,206.253732
981.149181,304,206.524052
1131.672805,338,206.826181
755.787386,267,207.065234
829.989957,246,207.283485
897.606976,276,207.528681
949.034312,296,207.792051
1175.662171,376,209.000816
974.909981,311,209.277347
843.935299,255,209.504733
1374.522016,438,209.894292
1045.281896,314,210.174484
1177.429552,366,210.499985
971.8081,310,211.646932
984.030211,332,211.942423
1176.061284,351,212.255328
899.525969,293,212.515057
579.695654,214,212.705012
999.359531,327,212.997736
924.753481,296,213.261303
822.541771,272,214.378002
979.063124,301,214.645359
913.844771,301,214.913972
985.989338,308,215.188389
1230.075444,382,215.528149
764.9746,251,215.751291
1693.309458,522,217.088386
743.222686,259,217.320255
1049.73212,343,217.67869
954.194282,294,217.96715
1040.620896,318,218.250185
1055.130684,348,218.564015
981.161561,307,219.712336
579.552534,184,219.876362
978.11406,312,220.156701
982.488603,297,220.419853
1134.266642,349,220.734355
487.763675,155,220.873398
971.230884,301,221.142616
947.527815,306,221.414394
686.224775,243,222.503383
1002.466206,323,222.792021
910.993423,280,223.042509
1069.820014,323,223.330446
911.073169,288,223.5856
923.450021,273,223.826819
1254.402081,403,224.18585
1218.100708,366,225.386061
961.090472,295,225.64847
749.157384,266,225.886663
1234.688435,396,226.239262
1283.944884,417,226.609839
1077.663968,328,226.902722
1424.049809,424,228.160021
1511.813445,513,228.616962
1180.367998,370,228.948016
754.523399,258,229.178017
928.100591,278,229.424945
945.990222,299,230.563893
792.691839,262,230.798562
1052.967814,328,231.091555
1163.515423,349,231.400872
1066.740886,322,231.687609
1032.651623,330,231.980977
971.173015,295,232.244817
912.147795,274,233.373312
1276.982094,390,233.722101
1053.781096,323,234.012647
1137.677838,360,234.332903
694.388591,216,234.526435
837.75829,288,234.782833
1131.233535,335,236.516375
1284.105408,388,236.862988
1225.57176,370,237.193763
1179.782098,358,237.51158
453.848934,153,237.647957
875.531132,273,237.893292
1253.510188,380,238.232228
1080.792536,324,239.392765
1500.879173,467,239.808477
824.208271,271,240.051927
898.848339,299,240.31832
1314.996022,409,240.682233
1177.917753,360,241.882607
701.690053,243,242.099928
1487.56215,442,242.508761
1249.169974,376,242.843549
918.61077,298,243.110053
995.964547,301,243.378685
639.813436,205,243.560691
936.065258,307,244.703774
1222.015789,370,245.034134
1236.554233,392,245.386274
1513.763748,470,245.806632
1243.542236,379,246.145867
1380.492476,423,247.392741
1446.120186,420,247.766222
1238.609998,382,248.107591
1012.0237,309,248.387161
1052.479149,313,248.665123
1426.089143,425,249.046122
1385.302001,405,250.276556
1276.178656,387,250.621523
1162.228783,366,250.948457
1587.322161,469,251.367073
1262.946546,379,251.703826
1534.877692,469,253.014461
1312.008432,396,253.366966
1084.938637,329,253.65952
1127.720981,332,253.959148
1208.54707,371,254.289618
1515.015158,463,255.5731
1154.705979,339,255.875589
1716.409048,529,256.345493
1487.118644,452,256.7466
952.411927,290,257.005647
1541.999742,482,258.316912
1543.911817,468,258.745757
1246.356914,381,259.085162
1516.058108,462,259.497314
600.460907,191,259.666046
1454.317612,434,261.257021
1419.443278,433,261.641864
1177.196618,345,261.950714
2107.983307,626,262.509429
1249.371341,373,262.856957
1518.041794,469,264.146068
1233.573301,379,264.481401
1044.511734,336,264.780923
634.361235,192,264.952035
1121.151929,342,265.256305
1525.123816,478,266.552607
1468.385632,455,266.957281
704.521259,249,267.17931
2542.648771,775,267.868703
1802.586903,535,268.346511
900.335086,263,269.455531
2436.294082,734,270.11039
2129.681867,642,270.681801
3124.527981,982,272.425957
2260.347714,673,273.028819
3201.121671,1000,274.787822
1649.968951,512,275.243754
599.277602,180,275.404499
2074.008114,633,275.968289
3236.785209,1000,277.729525
3161.119839,1000,278.622508
3030.674015,916,280.311636
1415.58067,425,280.689985
2080.001618,628,281.252145
3140.362368,1000,283.015991
2301.108716,697,283.635799
1239.596594,364,283.959768
1274.606442,389,284.312312
760.154075,263,284.546559
1851.731733,558,285.913652
2476.243356,743,286.578545
2298.722607,685,287.188227
3381.041072,1000,288.944398
2611.176769,785,289.641447
1808.45216,542,291.02038
1557.809051,467,291.436503
606.974813,193,291.607724
1984.234233,590,292.13364
1455.705417,429,292.514479
724.923748,219,293.594115
2147.134216,650,294.178498
1242.680452,375,294.512872
631.354149,188,294.680923
2763.925041,830,296.29541
2325.18245,687,296.907922
1502.432558,449,297.306548
2763.095238,824,298.039713
677.275609,211,299.095685
3318.562796,1000,299.988642
2623.609279,787,300.692945
1273.274457,382,301.902104
987.88104,298,302.168108
1651.2294,483,302.598038
2372.466901,714,303.235691
1268.045272,388,304.451379
1804.831768,543,304.935301
2083.511212,641,305.507371
881.567874,265,305.745818
2520.01053,747,307.283341
1723.828811,542,307.766428
2580.466837,777,308.462854
1067.144265,318,308.747566
617.50841,195,309.793178
2575.248595,801,310.509449
1527.221736,466,310.925783
1695.409411,508,311.380167
1312.025444,403,312.614527
1497.287179,437,313.005146
507.310165,158,313.14718
1172.228888,359,313.466074
3321.229002,1000,315.22891
2292.793091,681,315.8335
2160.965452,660,316.420745
3188.935433,1000,318.19401
2653.990881,815,318.921342
1658.887243,500,319.368781
1838.339121,560,320.742009
1282.01235,384,321.086524
3244.745993,1000,321.981065
1669.925216,494,323.317924
3326.980666,1000,324.209469
1642.101472,495,324.648992
2999.077231,901,326.324369
3119.251524,1000,327.215803
646.1122,200,327.393948
1148.981077,337,327.693401
1606.274459,483,328.995967
1260.411402,381,329.335363
1278.785154,406,329.69631
1373.363904,420,330.074284
1528.479707,458,330.479901
1630.056984,490,331.847222
693.655098,213,332.038369
3229.365884,1000,332.934164
1802.087273,548,334.297694
513.071227,161,334.440902
1556.898765,456,334.89053
626.977334,196,335.077754
1575.677689,478,335.504375
1375.268816,404,335.864868
644.734566,204,336.927107
3276.032793,1000,337.821372
2945.305483,863,338.588873
3183.991796,1000,340.363437
2355.437505,705,340.993601
3318.040805,1000,342.765672
1777.044728,528,343.241997
2603.00823,773,343.933258
1758.42416,518,345.267224
653.499179,194,345.439584
1082.663407,343,345.74493
782.492963,270,345.987332
837.692376,250,346.210382
3202.400707,1000,347.977697
753.18925,225,348.180406
1763.003338,515,348.639103
854.963795,288,348.897001
3191.88381,960,350.627325
2942.579726,904,351.434792
996.700432,311,351.71323
1808.361313,548,352.202911
933.278172,282,353.334836
998.825512,294,353.596529
3204.564641,1000,354.489925
2353.311605,707,356.003601
1558.460366,467,356.419568
1003.250006,306,356.691033
3229.682111,1000,357.582173
1026.538517,301,358.722475
3221.542397,1000,359.613031
3223.596365,1000,361.373007
1295.399974,386,361.719308
1558.624288,463,362.133412
1460.920365,439,362.527028
1247.391299,381,362.866507
2180.304348,641,364.314744
1256.147891,370,364.644895
649.424471,198,364.826473
635.956357,195,365.001384
2322.50144,688,365.616713
1178.707252,347,366.8057
1046.569646,312,367.086206
1789.068793,521,367.55327
1913.016633,571,368.064722
2643.290995,790,369.640686
1632.686409,484,370.07581
1593.241233,477,370.501677
1779.656385,524,370.970347
1675.225775,497,372.286894
3335.733276,1000,373.183731
2583.516849,791,373.891357
1854.440595,566,375.26587
3025.653543,909,376.074526
1039.678802,316,376.357342
957.226806,287,377.491216
2246.057019,664,378.085215
2617.283321,782,378.780427
1770.589125,523,379.248031
2642.056677,800,380.82764
1769.366047,518,381.288943
3138.22908,925,382.992035
1290.766223,391,383.342139
1246.530976,363,383.66568
709.515066,219,383.86108
1566.616853,472,384.283491
1547.526853,461,384.693963
671.204633,203,385.748473
1268.374053,372,386.082061
1896.604186,563,386.582325
675.082865,205,386.764819
678.880429,215,386.957525
1552.292215,459,387.366972
909.784822,258,388.469428
1399.686889,428,388.850222
1291.366572,393,389.202223
2862.022294,841,389.952703
1247.90685,382,391.163421
2248.710522,664,391.753582
3217.418009,1000,392.644439
1541.38584,469,393.942217
1373.430408,403,394.302146
2243.271921,671,394.904225
2618.904865,779,396.468631
603.293274,180,396.629313
2966.367181,894,397.435323
1543.76129,458,397.845703
1511.133286,443,399.112432
3142.89295,1000,400.006746
2908.606376,861,400.776438
1773.869725,534,402.123426
2256.24792,687,402.736844
628.958079,198,402.913421
1276.118034,415,403.285485
428.954977,146,403.416352
1552.5787,486,404.719996
3239.990658,1000,405.614466
2907.790893,852,407.244794
2026.093272,590,407.771795
1635.737002,524,408.239524
1292.771535,397,408.59224
1680.530589,521,409.93276
2055.526935,617,410.483623
1021.055818,313,410.762193
3232.127066,1000,411.655932
3179.010212,1000,413.434893
1760.0825,524,413.901687
823.470549,241,414.116968
985.098696,294,414.379432
1223.753921,357,415.569699
3334.760012,1000,416.466513
2927.992207,876,418.117283
3052.5765,913,418.930013
673.261532,203,419.111218
1591.356261,476,419.535601
855.192539,247,419.75604
3353.797411,996,421.519292
3197.151643,1000,422.412314
2674.326182,785,423.990686
1776.394706,520,424.459678
2168.645619,670,425.059245
1106.970204,331,426.278847
1386.08821,407,426.642377
1220.975608,357,426.965717
1261.79417,367,427.29658
2935.881346,874,428.945314
915.40255,261,429.177705
2131.266086,644,429.753337
1540.771174,454,430.161211
2363.605732,701,431.661963
1003.273903,293,431.925238
2669.348539,798,432.640353
1610.345079,473,433.066848
1923.400641,574,434.451352
1568.086093,455,434.860349
1273.087507,387,435.206587
3225.98142,1000,436.0981
743.146587,216,437.161445
2350.413927,706,437.804337
1806.577808,539,438.288765
1986.061613,615,439.714361
2455.720782,732,440.367999
628.167494,206,440.551508
1527.180553,471,440.972468
3180.91595,1000,442.742669
2909.490771,879,443.529529
3167.796319,960,445.256907
1172.997829,340,445.561779
1655.490395,494,446.004217
679.464902,220,446.200066
945.581083,271,446.441922
1236.475718,364,446.766435
2438.37529,726,448.287971
2589.00762,763,448.977737
1579.434306,473,449.400103
3250.330348,1000,451.16471
1318.408451,394,451.516235
1026.19742,330,451.810225
2368.346317,708,453.308926
1811.073442,544,453.793388
2365.28987,700,454.421531
604.033585,184,454.588323
2464.937413,736,456.124328
1725.206351,538,456.603839
739.846847,252,456.829525
1454.625829,433,457.219254
1571.460902,466,457.648888
1543.626147,454,458.926485
2262.520108,683,459.534985
763.289958,254,459.761411
1166.5263,344,460.071671
1243.804449,383,460.414458
596.109832,187,461.450538
1811.401494,538,461.933112
1839.47068,551,462.426703
3194.820994,1000,464.194169
1233.286126,368,464.521739
2316.936745,684,465.133109
1771.525569,537,465.611961
1302.866629,404,466.840936
1306.9468,392,467.191112
1509.179863,453,467.595798
1552.384906,459,468.006199
1724.12699,502,468.453048
1321.296415,397,469.677322
1604.795806,480,470.10856
2918.176274,870,470.985374
1559.143456,460,472.449239
1532.818243,465,472.961426
575.419355,181,473.167226
1290.780328,382,473.605467
2345.716495,696,474.284103
1465.207589,432,475.644586
3158.561125,1000,476.58264
2287.747614,681,477.215821
2396.976924,718,479.051049
2255.610006,668,479.815096
1145.112423,350,480.238658
2523.811716,744,482.093069
840.072329,266,482.39914
1591.328582,467,482.947487
1599.661702,479,483.478747
1727.01549,520,483.967494
2073.674763,617,485.762763
2159.625737,654,486.419732
643.750428,214,486.682281
1896.077443,566,487.281527
1563.530223,466,488.778601
1931.704223,585,489.321615
2429.559473,731,489.991453
3080.011461,924,491.743914
3229.362196,1000,492.714686
689.842592,220,492.933587
1238.925207,375,494.206339
1332.945194,402,494.640043
1793.829842,542,495.173325
2336.415938,696,495.853681
980.822646,298,496.127925
3120.73266,923,497.874704
1216.711596,378,498.223157
703.27021,230,498.436025
988.347799,307,498.716492
3246.122896,1000,500.636978
2690.879076,808,501.397087
1020.533336,307,501.678164
1247.904835,377,502.932794
1492.463314,463,503.405569
3137.627897,1000,504.39697
3244.539795,1000,506.22725
491.778061,179,506.394225
556.973425,191,506.576034
1662.197308,513,507.058745
1399.826088,418,507.460657
3147.890108,1000,509.295577
1786.78531,540,509.791709
1364.763623,412,510.171179
1940.592362,584,511.664256
2374.818221,717,512.53354
1257.808839,376,512.927333
1544.515783,474,513.363721
1742.87811,532,514.738988
1203.778415,372,515.127182
2326.683068,698,515.95701
1440.856193,455,516.483286
1849.959234,559,518.197207
1440.788796,433,518.602419
2996.083943,881,519.423943
1457.987975,440,520.790342
1369.951935,403,521.221868
1843.110558,548,521.938045
1227.861744,361,522.315898
1176.257674,359,522.705654
1412.71556,423,524.099855
1670.478412,498,524.548339
1176.679907,354,524.876808
1525.134949,472,525.316912
3219.658662,973,527.125917
2663.121051,801,527.868351
1025.495864,314,528.170784
1420.218168,411,528.635342
3240.1158,1000,530.569215
1777.267099,533,531.079025
1127.835965,331,531.389755
1195.626131,346,532.801674
1525.943897,453,533.233137
1346.583273,398,533.621904
2109.597915,625,534.275154
1625.307937,482,534.710128
1167.63179,355,535.912814
1144.181058,333,536.215419
1208.304174,351,536.531351
1827.641349,538,537.019722
1764.519447,536,538.383039
1372.196628,404,538.74661
1568.863933,468,539.168629
1161.003134,334,539.470316
3175.355521,1000,541.55115
1193.773929,357,541.946554
1918.217386,595,542.545626
1692.73694,496,543.046561
2686.279084,807,544.806069
1055.853235,318,545.103665
1311.017186,391,545.533936
3251.228367,1000,547.55511
3238.257243,1000,548.488354
1973.422125,596,549.076585
3135.972774,941,550.893905
1664.759567,495,551.358219
1994.339071,593,551.910666
1273.106997,388,553.205996
1661.417544,490,553.672031
3357.039639,995,554.712153
1013.339821,292,555.011989
964.390236,310,556.40464
2035.242616,607,556.992089
1131.635338,329,557.352346
1840.11105,548,557.900754
1480.700851,449,558.301324
1412.816348,415,559.699943
2094.750841,605,560.267714
1629.363928,476,560.695648
2925.60445,861,562.365464
2896.54184,858,563.166155
2356.392576,702,563.801563
941.918664,286,564.977595
1482.796446,428,565.369101
1274.623131,368,565.702795
1279.631058,364,566.030023
958.546589,276,566.282081
2702.352193,796,567.919406
1461.908272,429,568.321326
1284.140991,380,568.669147
1423.106852,422,569.046059
2358.531625,694,570.578651
1291.948639,372,570.918402
1284.541459,382,571.27672
2111.501579,625,571.855095
1787.312057,537,572.358069
3298.973284,983,574.189823
1639.778604,482,574.621615
1288.218261,377,574.967991
1496.609141,444,576.287359
975.256287,281,576.538912
1500.520424,449,576.944883
3018.378566,891,577.7566
3266.81015,972,579.521894
1821.437058,531,580.004417
1498.807176,440,580.404037
972.980099,292,580.665985
2241.420817,661,582.142858
1108.170874,321,582.429026
1180.673297,349,582.751035
1278.524137,372,583.08957
2179.700835,646,584.570756
1309.28932,385,584.918994
1003.255245,294,585.191504
1976.365045,588,585.738462
3191.164589,1000,587.61838
2082.274162,605,588.184468
2662.266049,791,588.933135
1547.541022,467,590.421299
2642.275873,778,591.233791
1874.018682,554,591.788932
1559.225688,454,593.313887
497.564759,180,593.539705
1130.592458,334,593.874627
1279.978558,384,594.228407
1152.816366,333,594.554276
1548.491812,462,595.013914
1209.670954,348,596.371781
1103.457762,324,596.739945
1149.296001,332,597.12176
3288.626244,1000,598.255673
2077.911191,609,600.143263
3311.14376,1000,601.179482
2149.639937,637,601.802842
1114.619,321,603.094013
1363.760322,399,603.493042
1571.660296,461,603.964068
1201.041713,347,604.330805
1820.154184,529,604.848601
1474.962811,432,606.191425
1558.737549,450,606.643388
2948.961038,880,607.675307
1837.550258,538,609.230988
1279.97188,375,609.574741
1094.59596,322,609.869819
2152.801214,631,610.453117
1878.935287,563,610.971185
2854.194206,833,612.601893
3284.213784,1000,613.494803
1589.862781,476,614.920137
2089.859287,614,615.477036
1241.518949,360,615.797599
2692.384736,796,616.506705
1287.152965,380,617.737549
1900.166325,565,618.242798
1330.247269,399,618.598995
3218.60652,1000,620.460719
1286.526469,379,620.806956
1837.082947,540,621.307083
1251.395923,370,621.661093
3283.161499,1000,623.532399
2070.813141,621,624.125241
1904.758185,562,624.685807
1106.524227,330,624.986225
1141.430609,333,626.305085
1299.333354,383,626.777261
1335.745018,396,627.235172
3287.172144,1000,628.265341
1378.006367,404,629.708016
1177.227093,341,630.039878
1242.482316,359,630.363655
1303.223961,388,630.740662
1398.450158,410,631.201709
1361.804434,403,632.663239
1916.006315,597,633.22969
2506.802393,751,633.949804
2447.007523,729,635.756881
1890.839867,559,636.332777
3224.785996,963,637.339932
3236.03905,952,639.222537
1791.943718,527,639.710672
2134.566947,633,640.299998
1767.92294,519,641.790528
2057.370388,608,642.479445
2095.382831,614,643.197131
2603.135757,787,645.007975
3235.141199,1000,646.110815
1009.209939,293,646.428434
1366.263868,400,646.868822
1241.46255,378,648.15216
1022.418001,299,648.42433
1852.353543,549,648.920451
3342.522713,1000,650.83903
1316.338057,386,651.272017
1290.705088,374,651.705664
3337.692358,1000,652.777749
994.679511,289,654.129107
1552.184128,453,654.585065
1561.742582,454,655.008013
1235.758936,353,655.393973
1313.991253,385,655.825762
2108.154096,614,657.513232
2497.121155,735,658.333534
2002.42801,609,659.007334
2839.363035,838,660.990961
1463.261584,424,661.413996
3244.324637,1000,662.511316
2062.588562,602,664.17788
1032.932296,298,664.460165
2133.358253,622,665.099272
1475.948873,423,665.580432
2354.252728,687,667.333535
2386.202596,703,668.070449
3223.507843,1000,670.136767
2700.63248,805,671.07841
1083.550374,317,671.470279
2018.862357,593,672.18712
2423.383929,708,673.912295
1506.600624,436,674.373816
2687.517204,796,675.172875
2969.282407,880,676.902976
1428.564879,416,677.338694
1796.902041,525,677.85608
2516.858654,740,679.469264
2880.573713,849,680.279074
3234.12928,1000,681.22246
1779.497093,532,682.640736
1243.719765,358,682.98295
1527.066531,448,683.400881
2967.108089,879,685.136642
2022.373964,587,685.684807
1537.085304,453,686.111661
2234.525012,662,686.728581
2617.976441,771,688.364417
3285.87456,1000,689.301829
3195.581279,956,691.105769
2156.918663,630,691.691662
1276.334216,380,692.04893
2551.815859,749,693.651375
1324.805332,389,694.017847
2615.112755,764,694.732871
2164.207699,630,695.322552
3094.168195,952,697.22585
2263.347417,661,697.855269
2156.556255,639,699.485498
1260.797696,370,699.856895
1460.324372,425,700.251657
2261.595324,662,700.877543
2507.997798,735,702.701346
1583.224705,463,703.241532
1452.704152,423,703.710581
1574.034328,461,704.221409
1510.338657,443,704.642258
1638.145308,477,705.993881
1829.359696,541,706.504226
1331.267716,394,706.87174
1175.708281,368,707.215827
829.706764,236,707.458722
1568.979242,451,708.938516
2340.41446,680,709.589168
1539.952931,453,710.043116
1331.517306,392,710.424849
1804.53325,524,711.881816
1172.737231,342,712.246761
3289.239775,1000,713.193985
1084.490975,315,714.438625
1305.967902,383,714.795152
2567.269119,755,715.503232
1318.291715,387,715.863422
1659.59176,484,716.360321
1891.671373,554,717.910347
1458.578671,418,718.307058
1604.133716,462,718.752489
1692.412915,494,719.257465
3213.653613,945,721.063249
1130.733515,325,721.354142
719.644493,213,721.543926
2671.628808,776,723.410466
1631.657036,484,723.880607
2515.636759,737,724.563984
1507.819382,435,724.975833
2132.808356,631,726.485884
1244.095603,368,726.842652
1332.185943,385,727.210376
1190.438945,341,727.528506
1954.57794,575,728.079014
1252.916917,363,729.328209
1402.765878,412,729.718024
2340.537787,682,730.361601
1595.29264,467,730.868148
1838.989182,528,732.501706
2416.628072,709,733.21916
1272.683527,369,733.660892
1717.504122,500,734.289937
3266.814583,1000,736.843191
721.245979,216,737.101529
2142.433768,627,737.748113
1304.146834,384,739.667692
3272.127088,1000,741.018355
1802.393644,524,741.496225
1219.837748,353,741.815596
1357.544824,393,743.062949
1303.312541,380,743.401562
943.007045,266,743.640932
890.226224,253,743.871737
1107.114392,316,744.253859
1113.612589,320,744.629421
1344.97206,390,745.916404
1091.443901,316,746.198786
1324.576923,386,746.570119
1067.657666,307,746.845783
1480.150681,426,747.227752
2330.321851,693,749.436152
1467.911238,428,750.214478
1563.676909,455,750.79583
1454.574194,425,751.305677
1616.222347,479,751.780919
3391.09004,1000,753.697665
805.572032,229,753.908882
2220.904889,656,754.513534
1268.201884,370,755.741904
3406.741415,1000,756.767089
2039.946606,592,757.320452
3155.109542,923,759.172071
3008.83424,883,759.987298
2279.771161,660,761.635113
1633.687751,480,762.371682
1357.717971,393,763.226098
1704.413256,499,764.06235
2081.493477,605,765.792388
3264.512767,1000,766.712281
1378.3451,401,767.069488
1872.799303,545,767.58401
3345.795686,1000,769.365008
2275.229941,665,770.050907
2280.821053,666,771.671053
1740.148836,511,772.134924
3272.153106,1000,773.052612
1310.627158,391,774.301293
3243.129094,1000,775.401009
1476.674072,427,776.026162
1322.888973,387,776.391289
744.022811,240,777.586291
1290.268221,379,777.924673
1822.262343,529,778.397182
2607.803014,766,779.08147
1300.246148,379,780.300352
863.677763,251,780.52869
1396.611542,405,780.892727
2771.166029,811,781.736061
3192.448197,935,783.772035
3275.030921,1000,784.777883
1734.286195,503,785.285761
3245.253398,943,787.201978
3292.189582,1000,788.336229
1014.671658,294,789.992923
1426.472201,442,790.527878
1265.159068,363,791.12652
698.629323,215,791.368045
2197.71166,645,791.95863
1227.329687,349,793.311948
2086.800156,613,794.076295
3177.182737,932,794.997037
3010.218222,884,796.752021
3046.016445,904,797.571004
1461.488944,418,797.946205
1611.042235,476,799.264909
3037.280519,897,800.070326
1325.953388,386,800.453539
3283.733253,1000,802.225863
3299.988428,979,803.14086
1647.063179,489,803.577257
3271.022209,1000,805.351634
2297.407309,675,805.95471
3216.965829,1000,808.176257
3075.369977,907,808.985743
3251.247569,1000,810.745429
3027.143649,887,811.537268
3280.678644,1000,814.322471
3293.027629,1000,816.149178
3253.287375,1000,818.706327
1798.036726,519,819.172132
2424.475425,709,820.033276
3307.461729,976,822.13901
3245.477695,1000,823.095305
3268.946919,1000,825.201472
925.052869,265,825.516671
2893.342236,849,826.503258
3231.363577,952,828.378887
1660.014673,480,828.813754
2336.366301,677,829.427118
3328.641838,988,831.421934
1534.765076,447,831.96301
1572.922915,460,832.461267
1582.30536,465,832.949888
1839.369904,551,834.41722
1617.748411,510,834.887598
1834.714977,539,835.381722
3226.216353,1000,837.349342
3344.703868,992,838.340505
3313.302861,1000,840.394993
2506.763831,734,841.133431
1523.479646,443,841.551773
3214.883116,1000,843.418748
1808.4542,527,843.911018
2915.248716,911,844.759255
1300.656849,377,846.045897
2649.255882,777,846.774223
2453.990951,719,847.442168
3261.923048,1000,849.313124
2719.181454,810,850.066508
1983.351705,583,850.60936
1901.402545,558,852.061637
2443.741482,717,852.734982
1033.305551,301,853.014232
1436.98024,417,853.401734
3280.768736,1000,855.268747
3400.181596,1000,856.197551
2586.526409,757,857.85064
964.275055,276,858.104261
3229.767062,1000,859.182117
3286.183224,1000,861.053629
3233.447112,1000,861.991351
3375.392981,1000,864.147446
3004.24282,882,864.967976
2620.204661,762,866.816333
3245.164056,1000,867.98938
3192.452735,1000,869.872483
2101.744878,607,870.439441
2137.591301,634,871.036556
2627.849329,765,872.829975
3232.724574,1000,873.794132
1476.656315,427,874.206261
3399.526981,997,876.20441
1678.381399,494,876.685451
2791.747922,818,877.480762
3283.983795,1000,879.550077
2845.104694,856,880.431709
880.848843,253,880.668477
1780.135475,551,882.134564
3274.70634,1000,883.080235
1300.854362,393,883.455624
2713.509949,797,885.172502
2277.153555,670,885.800913
1829.493739,529,886.296064
1390.996824,406,887.618539
3279.140122,1000,888.565428
2479.542091,734,889.259094
2124.152943,626,890.951924
1065.405533,341,891.281381
2525.883444,737,891.971898
2825.0134,835,893.95697
2425.847847,706,894.637292
2131.810676,622,895.283903
2849.206404,838,897.22957
1636.541882,477,897.692884
742.718159,220,897.911155
3275.167138,1000,900.04556
1601.442799,472,900.494146
2287.209098,668,901.181965
1823.07107,529,901.65383
3269.399988,1000,903.435302
976.893336,277,903.681734
2122.405834,617,904.234034
1544.91167,447,905.541592
3171.277,928,906.373994
1299.765607,374,906.70791
3278.217962,1000,908.692676
1671.413794,492,909.134253
1653.708312,483,909.685332
1874.455772,556,910.448273
1995.479091,582,912.13933
1891.12841,555,912.714874
3134.216349,924,913.773863
2959.454067,867,915.623047
998.912399,289,915.916745
2429.829,711,916.649801
3281.338946,1000,918.663219
3295.62818,1000,919.655296
1559.531754,460,920.066483
971.839494,275,921.366419
2217.690884,650,921.954222
1618.555636,472,922.515003
1380.171429,398,922.909433
1646.140133,481,924.228874
1385.100751,406,924.602307
3405.670572,1000,925.501188
1841.530149,534,926.86757
2769.681016,816,927.600698
1548.810817,452,928.005078
2783.286521,817,929.66032
2385.885325,694,930.300808
1456.587125,419,930.687548
2173.350789,640,931.268378
2008.087862,584,932.862103
1839.216508,536,933.358735
1406.114032,408,933.736091
3309.917215,1000,935.714978
1047.278223,309,935.99598
2234.503613,655,936.600668
3327.807071,1000,938.430564
1841.513308,542,938.931062
1299.131169,382,939.282339
1335.601199,390,939.640918
840.296846,245,939.866029
1125.63783,327,941.236292
1314.208244,387,941.679169
2162.702896,632,942.253067
1372.432187,401,942.727004
1204.825084,347,943.139669
3118.748174,913,944.993002
2684.223889,781,945.721201
1292.826769,375,946.065825
2990.106672,871,948.048254
1678.328299,493,948.522591
1545.122476,449,948.936714
998.06954,283,949.198023
1256.382539,360,950.663756
1639.200474,480,951.102199
979.599442,284,951.420133
1240.898258,354,951.755148
1857.94102,541,952.281799
2161.951279,628,954.323806
3338.114279,1000,956.163851
3150.120452,916,958.010296
1838.612924,544,958.506169
1752.849106,515,958.971079
1356.825603,391,959.321535
1409.970438,409,960.772987
2672.259891,778,961.691679
1408.469822,434,962.193788
1738.408814,503,962.713814
1383.575047,399,964.007121
1075.115536,306,964.292564
1647.372761,476,964.736384
1627.780195,479,965.291846
1443.962313,417,965.682608
1519.485514,445,967.001018
3309.298632,1000,967.947416
1248.744638,356,968.313562
817.548786,235,968.532191
1633.460425,476,970.000153
3360.578739,981,970.8908
2457.29493,723,971.62619
3214.661665,940,974.462561
1524.961202,440,975.057997
2292.177147,669,976.404253
1318.561902,385,979.41061
1599.447534,466,980.767198
1147.677727,333,981.59033
1771.986348,516,983.038403
1602.557804,469,985.124098
2535.313859,743,986.088126
1541.582736,441,986.512037
1316.725989,388,986.884294
1661.237766,482,988.599602
2089.666031,609,989.595821
1892.135157,556,990.546645
1003.224965,291,991.117515
2446.102323,714,994.28839
3196.088729,943,995.672496
1040.18404,303,996.045288
1395.989908,403,996.516955
2589.336351,758,998.717135
1445.439607,418,999.428653
1718.344648,496,1000.457833
1538.848022,450,1001.231062
1302.335329,382,1003.490021
1295.016513,376,1004.090854
1500.90801,434,1004.682652
1450.869001,419,1005.471232
2176.418343,638,1007.869461
2555.553061,764,1009.26994
2492.342678,728,1010.51634
3311.051336,1000,1013.065953
1928.866451,563,1013.772628
1815.451907,526,1014.47365
1566.006157,459,1016.28958
1171.311826,334,1016.716425
3294.574594,1000,1018.070252
2889.900854,842,1020.435845
3286.673695,1000,1021.713483
2488.117004,727,1022.67326
1278.961703,383,1024.43545
2769.429186,809,1025.591901
1654.827513,483,1026.474387
1782.790085,515,1027.358108
1447.667616,417,1029.408909
1515.416167,436,1029.963479
1818.967919,533,1030.619908
1707.810225,497,1031.369012
2322.705913,679,1033.532558
2092.304753,612,1034.485991
2651.520657,775,1035.991638
1481.099563,434,1037.779172
2851.129451,841,1038.803992
2195.258534,641,1039.652515
718.654323,209,1039.905693
3301.230964,1000,1042.355854
1304.801923,384,1042.872848
3284.071039,1000,1045.454917
2164.120894,633,1046.279863
1638.641713,481,1046.849735
3400.590442,1000,1049.157321
1696.124834,491,1049.853489
1885.489596,552,1050.713484
2821.819873,828,1052.880794
3283.426916,1000,1054.104462
2254.459501,651,1055.08606
1239.475814,357,1056.889215
1212.611148,350,1057.33283
3276.640341,1000,1058.662134
2804.897554,816,1060.929049
3234.105895,1000,1062.293275
1888.95829,549,1063.040957
1970.858517,578,1064.995813
1503.126204,437,1065.531454
3305.230646,1000,1066.712824
2245.62934,651,1068.657591
2029.395053,592,1069.41478
3289.889895,1000,1070.621973
2252.053267,657,1073.462216
2981.641183,864,1074.915004
1263.635551,366,1075.449545
1844.482572,547,1077.979637
1824.802553,526,1078.603112
1922.943239,566,1079.173358
1597.044071,463,1079.595993
3290.4744,1000,1081.599681
2093.453586,611,1082.215904
1277.98955,375,1082.564612
2454.37483,715,1084.403814
1679.642461,485,1085.002823
1786.268781,519,1085.592877
3315.63653,1000,1087.642064
1497.31746,431,1088.106254
3285.286499,1000,1089.257325
1811.479691,527,1090.75508
1437.529615,413,1091.211515
3416.591471,992,1092.135881
1335.208076,390,1093.493835
1295.123714,374,1093.925206
1125.85351,323,1094.27804
1173.686969,334,1094.615645
1549.086517,448,1095.134105
3294.326463,1000,1096.954471
1214.51298,349,1097.277857
1569.306663,452,1097.710066
2369.847243,704,1098.356504
2044.738107,595,1099.995825
1473.208136,426,1100.49774
3297.19668,1000,1101.589163
1497.495072,430,1102.948622
1081.927216,313,1103.237603
1351.991584,392,1103.613685
1857.374204,541,1104.131654
1859.428497,545,1105.794974
2383.438225,686,1106.668491
2321.426845,679,1107.351915
938.995422,269,1107.65536
1036.392822,303,1107.949188
1039.967266,303,1109.17497
1290.002051,375,1109.635821
1209.631701,347,1110.062281
1970.20318,576,1110.683579
1334.812888,391,1111.143979
3264.185886,1000,1113.212439
888.061322,251,1113.509613
2722.377713,793,1114.352833
2056.20629,595,1115.902235
1598.584861,468,1116.429651
1051.269047,308,1116.730084
2056.449625,594,1117.332134
1587.103541,465,1118.855278
1676.634791,487,1119.394166
3346.523464,1000,1120.478151
2714.084263,805,1122.406824
1452.432581,418,1122.83468
2250.620753,665,1123.489709
2130.843838,624,1125.160032
2689.109569,781,1125.954398
3309.898541,1000,1126.95493
2013.296232,589,1128.600936
949.395412,279,1128.887687
2322.099226,680,1129.63547
1467.603028,419,1130.132127
1806.868137,522,1131.677648
3071.304109,900,1132.55123
2066.003719,599,1133.216584
2279.010425,659,1134.97034
1909.604153,563,1135.581446
3304.978691,1000,1136.65209
1409.08645,405,1138.060395
1911.255802,556,1138.659275
1749.337102,505,1139.135137
1731.426379,499,1139.597847
2163.554647,631,1141.228107
2139.707644,629,1141.872243
2601.663819,757,1142.666701
1242.322917,365,1144.002585
3306.137806,972,1144.912255
1495.826965,426,1145.313372
2807.631152,823,1147.03128
2558.744202,742,1147.786759
3117.07563,907,1149.795559
3267.452875,1000,1150.73266
3391.801912,1000,1151.668577
1936.891924,572,1153.305229
1109.835536,319,1153.612737
2265.427348,659,1154.33652
2695.125048,785,1156.206374
3299.798767,1000,1157.267721
1970.232874,577,1157.892309
3274.019198,1000,1159.833114
822.864003,238,1160.064493
1372.805948,400,1160.439404
936.464668,266,1160.68332
3171.329456,928,1162.582729
3299.370955,1000,1163.582597
1532.551654,438,1163.993252
3333.179713,1000,1165.861481
2205.372857,649,1166.466214
3245.544849,1000,1168.337134
1835.484845,536,1168.837673
1648.124819,485,1169.288697
1243.873253,353,1169.621936
3306.583511,979,1171.650966
2643.546492,779,1172.483226
1473.213751,428,1174.054231
2314.086362,678,1174.702255
1996.313258,582,1175.258382
3331.249444,977,1177.187813
754.556489,223,1177.40424
1605.14523,469,1177.912615
3291.143303,1000,1178.856574
1555.050285,453,1180.382941
3268.210668,1000,1181.434924
1755.202518,506,1181.996861
2022.126846,588,1183.616908
3117.048979,920,1184.514048
1783.225065,516,1184.999639
1183.027677,338,1186.387963
1437.799339,414,1186.82541
2733.027752,807,1187.719996
1301.537131,377,1188.145684
2305.153354,672,1190.006999
1445.319042,418,1190.427693
2709.456134,794,1191.170698
2848.319534,825,1192.893587
3073.619103,902,1193.791828
1114.68027,319,1194.160717
997.634382,289,1194.490016
2801.808918,820,1196.310515
1156.430113,332,1196.633638
3261.007417,1000,1197.69933
1938.500679,565,1199.182873
1035.763806,304,1199.474627
986.329456,288,1199.791426
1876.70511,547,1200.313634
1671.901369,481,1200.842559
2609.082749,769,1202.766229
1747.395669,505,1203.338474
2342.234246,683,1204.057642
3389.542602,1000,1206.053686
702.29518,210,1206.25993
2479.717278,728,1206.95576
2881.486274,840,1208.876958
2527.42424,740,1209.656015
1046.270305,301,1209.978525
694.036062,205,1210.230072
1730.575308,502,1211.751852
1357.272205,391,1212.198602
1526.990931,438,1212.670947
2171.440521,638,1213.258157
1875.233114,544,1214.779686
1075.458421,309,1215.064692
1019.609396,298,1215.380297
2411.23374,702,1216.054119
3298.814407,1000,1218.010543
945.092129,268,1218.355291
828.044081,237,1218.595095
1098.27702,313,1218.887122
1682.706274,491,1219.350115
3288.125196,1000,1221.546367
1595.639623,463,1222.008264
2399.751619,705,1222.814893
1703.805954,488,1224.523563
1727.26798,502,1225.114527
1613.293677,472,1225.599628
1866.515522,547,1226.145994
1589.7336,468,1227.660621
1311.399128,383,1228.020742
1828.440329,536,1228.586288
998.730552,288,1228.86439
2673.249086,773,1230.649093
1232.686787,357,1230.988851
1592.660858,473,1231.472358
2945.904887,861,1232.383247
1450.350315,419,1233.756175
903.021021,258,1234.003222
1005.547777,292,1234.280973
2747.919752,810,1235.134988
1219.140239,345,1236.534896
2195.729164,637,1237.301364
1693.43297,493,1237.799389
2340.202707,682,1238.474645
2103.714125,612,1239.991524
1601.45542,467,1240.431587
1594.712562,467,1240.87185
918.107613,258,1241.110167
3413.544166,999,1243.015273
2750.855565,809,1243.838469
2460.863144,720,1245.709686
2530.186474,740,1246.459361
3317.969878,1000,1247.396762
3263.82387,954,1249.247593
3273.83351,1000,1250.321689
2572.70901,741,1252.042266
1490.62393,432,1252.490361
1062.913172,307,1252.79593
1670.496786,480,1253.244549
1807.533315,528,1255.07169
3428.454674,1000,1256.126359
1734.981817,505,1256.689298
3282.074035,1000,1258.88621
2265.46755,662,1259.481615
1246.545255,356,1259.801365
1102.848672,314,1260.14346
1472.320268,427,1261.691407
1594.651121,463,1262.21443
2142.376118,626,1262.908716
1273.473959,367,1263.256298
1791.909919,515,1264.725251
985.901424,280,1265.031493
3004.197286,883,1265.980229
1572.193266,458,1266.468306
2089.208765,609,1267.999699
1615.509253,472,1268.466967
1598.339183,472,1268.946526
1916.578041,558,1269.566735
1274.377435,370,1271.000261
1225.146919,352,1271.342267
2985.958133,884,1272.267131
1185.898782,334,1272.564794
2139.032262,630,1274.152853
1717.335434,500,1274.629724
1571.284213,458,1275.086132
3297.751483,1000,1277.07941
726.333858,217,1277.27508
2135.569262,629,1277.845884
2161.410285,639,1278.43015
1260.594189,363,1280.027183
1946.967907,581,1280.67242
1001.796275,289,1280.97289
2047.275397,589,1281.604783
893.513838,253,1281.873134
2131.841546,617,1283.571562
2053.213336,596,1284.263194
1755.724375,501,1284.925262
1559.202158,454,1285.458393
1541.308518,445,1286.884212
3299.653741,1000,1287.928564
2228.469597,647,1288.528572
3282.63016,965,1290.41803
2486.409563,723,1291.127842
722.538825,215,1291.325349
2782.277924,814,1293.117255
2928.651301,851,1293.969049
2699.649544,787,1296.17978
2438.700205,716,1297.01582
2042.632157,590,1297.74756
2196.28153,650,1299.61275
1811.100249,524,1300.166903
1571.811764,456,1300.650145
997.92127,286,1300.934045
1270.47537,369,1301.322215
1972.561712,568,1302.841642
2406.60283,698,1303.495915
2011.995462,586,1304.113936
3341.455668,986,1305.965637
2115.427104,613,1306.54243
1936.193736,564,1307.065601
1767.98214,513,1308.47982
757.610234,221,1308.691044
1987.323601,578,1309.226898
2875.400803,835,1310.013349
1417.848787,411,1311.418607
2468.898358,719,1312.128262
1012.9282,296,1312.43648
961.161275,278,1312.744858
3296.997579,1000,1314.687877
2685.382327,790,1315.422424
1899.069783,551,1315.944785
1268.381612,364,1316.288703
3278.865067,1000,1318.181353
2172.029766,636,1318.777504
1626.388946,479,1319.226734
1613.846848,472,1320.620891
3297.977795,1000,1321.558396
1580.865517,460,1321.990067
1591.63735,465,1323.356462
2319.287586,673,1323.98935
2339.345045,676,1324.615721
2701.922404,796,1326.301346
1851.300069,537,1326.801286
3184.589849,932,1327.671109
2458.917729,719,1329.284076
2263.634879,662,1329.908244
2841.669225,830,1331.6278
2380.715455,691,1332.279879
952.326029,270,1332.534486
1702.428782,493,1332.999403
2929.056136,855,1334.730164
1701.202478,497,1335.194701
1217.563076,352,1335.522046
1641.22367,476,1335.968045
2487.464828,728,1337.590481
1833.555042,534,1338.092688
925.020425,261,1338.333959
1005.857195,292,1338.608525
1574.681657,461,1339.04404
2123.223559,623,1340.569837
995.938962,289,1340.842303
1130.957266,323,1341.146239
959.454352,270,1341.393765
1449.690978,419,1341.787403
1811.035984,528,1343.238801
1465.854249,420,1343.633795
1299.248482,382,1343.990636
959.7684,278,1344.248045
1660.478573,485,1344.700189
2139.706245,627,1346.231227
1412.255053,407,1346.611703
2732.595018,802,1347.359786
1242.749971,359,1347.696066
421.657269,144,1348.767271
1877.076511,545,1349.279009
1438.603099,417,1349.66689
740.601025,218,1349.871521
1830.156065,534,1350.368572
870.314024,246,1350.602659
1512.883389,444,1351.979064
3303.762876,1000,1352.911195
1272.912081,367,1353.252005
1142.259152,329,1354.502012
1620.5441,472,1354.95415
2529.937442,737,1355.641026
1496.105791,431,1356.046185
1727.592973,504,1357.455501
1214.260701,347,1357.783961
1537.206511,441,1358.192575
2625.256215,764,1358.902017
1296.402998,377,1359.255601
1567.111601,460,1360.624032
2006.959134,581,1361.165796
1427.5606,417,1361.555619
1329.408704,388,1361.917223
1828.475978,531,1363.352478
1938.217198,569,1363.885941
2008.297692,582,1364.425666
1481.319942,432,1364.834037
1301.922858,382,1366.135987
1517.226189,438,1366.541803
2545.993575,742,1367.235557
1260.740213,357,1367.569726
3265.365032,957,1369.400187
1811.303608,528,1369.89549
1490.339579,431,1370.297122
1310.075225,380,1370.655482
3028.439986,882,1372.419144
3290.391658,1000,1373.36761
1550.041955,450,1374.732812
1259.416598,366,1375.078417
1385.067245,400,1375.446626
1268.603012,363,1375.78692
2461.196838,723,1377.402012
1483.928903,422,1377.808914
1285.720619,374,1378.163027
1603.317318,466,1378.595128
2670.717783,775,1380.250509
1022.479736,299,1380.530163
2718.045656,796,1381.273881
1123.045936,321,1381.578976
2113.86041,628,1383.118034
3314.781742,1000,1384.06017
2756.598814,809,1384.812016
1503.033018,438,1386.161005
1263.212184,367,1386.500646
3293.033938,1000,1387.441119
1698.154335,492,1388.844894
3010.327195,884,1389.671674
1849.008248,540,1390.18043
1417.261978,413,1390.565874
1546.200059,445,1391.925803
3217.463349,932,1392.794641
3284.138827,1000,1394.668229
1855.175587,539,1395.174363
2318.207491,673,1395.801855
1814.051641,529,1396.298528
3186.455925,937,1398.127898
2312.773207,672,1398.752692
2515.581383,738,1400.376889
1006.327765,290,1400.651275
954.285089,273,1400.909286
1401.671972,404,1401.286288
1284.323528,370,1401.631324
1469.433311,419,1402.029108
2463.795097,727,1403.656939
2728.690869,795,1404.395035
2228.047081,649,1405.004355
1895.25879,554,1406.457331
3306.860423,1000,1407.392691
2090.975492,606,1408.905846
3318.428222,1000,1409.834433
1681.545309,487,1410.290346
3301.514393,1000,1412.176233
1617.664327,474,1412.617347
2432.241791,713,1413.282069
1549.084311,448,1414.643303
1913.669898,561,1415.167011
1591.266004,465,1415.601491
1142.623091,331,1415.913619
3292.196263,1000,1417.799339
2708.468578,795,1418.540892
2057.474403,597,1419.102282
2686.244733,798,1420.788655
1981.779088,582,1421.330307
934.277309,264,1421.578286
2447.567297,722,1423.195242
1614.547527,470,1423.639826
2024.449707,589,1424.195384
1113.397202,315,1424.487221
3295.815128,1000,1426.363229
1364.787918,395,1426.733387
1155.713758,328,1427.043348
2511.118025,734,1427.779016
3318.005981,1000,1429.685642
720.985658,217,1429.889987
2545.18823,741,1430.586671
1097.137802,315,1431.820944
3085.614845,910,1432.670317
2155.965955,629,1433.27328
1832.308921,529,1434.708111
1200.193234,341,1435.035562
1665.247518,481,1435.478727
1456.392418,420,1435.870637
2804.429459,810,1437.568786
2823.487721,824,1438.336283
2048.30012,591,1438.891791
3176.381326,926,1440.692155
1604.178652,467,1441.134541
1805.011606,519,1441.615942
1100.552045,314,1441.911186
1440.779373,417,1443.256642
1126.900584,322,1443.557514
2408.754,698,1444.213798
3299.251291,971,1445.121352
2556.864403,752,1446.765848
2152.209203,627,1447.350486
793.887328,234,1447.573757
2961.804653,873,1449.332192
2109.316568,616,1449.910602
858.465112,240,1450.13429
3044.72205,891,1451.906816
1778.342352,514,1452.383553
1304.759346,382,1452.744706
3267.693853,1000,1453.679499
2914.343356,851,1455.415013
3301.424222,1000,1456.347643
3273.826816,1000,1458.234736
3004.066422,882,1459.064085
3292.601757,1000,1460.967711
1819.143429,525,1461.459367
796.284626,229,1461.677675
1923.791349,563,1462.211465
1050.266113,302,1463.46502
2307.974773,670,1464.165314
2505.611975,734,1464.956334
2377.029582,693,1466.581572
1383.301075,402,1466.948886
1588.600293,467,1467.36902
981.680326,278,1467.618268
1885.442194,546,1468.10842
1279.370997,370,1469.381591
3292.169445,1000,1470.286713
1866.368256,546,1470.780293
1262.685539,363,1472.002583
1656.12721,483,1472.437718
2739.38851,807,1473.16699
3329.964956,1000,1474.973684
1371.550787,396,1475.333163
3273.421607,1000,1476.227988
1220.268123,348,1477.42257
1339.057251,391,1477.77478
3301.824203,1000,1478.667728
1009.428107,288,1478.928157
2179.419895,635,1480.385319
2562.909069,747,1481.051938
1303.215668,383,1481.393935
1921.026973,567,1481.902002
2819.990628,820,1483.533946
3062.303868,895,1484.335758
2314.387893,672,1485.824181
1942.33348,567,1486.330506
2735.559504,797,1487.039941
1838.947061,534,1488.398055
1913.574419,563,1488.900412
872.709727,250,1489.124591
2285.309073,669,1489.719461
1358.768316,391,1490.071014
2945.92442,859,1491.723234
1878.920169,548,1492.213168
1031.94999,300,1492.480952
2228.023126,650,1493.960427
3306.644936,976,1494.833303
1300.714139,378,1495.170602
1379.237368,400,1495.529225
1627.654616,474,1496.838776
2156.263475,625,1497.396854
2033.416194,592,1497.926345
1196.349347,339,1498.227844
1604.042344,469,1499.534527
2941.688217,855,1500.300683
3266.392455,948,1502.033877
708.367646,213,1502.225134
2172.532994,637,1502.794824
3416.107821,1000,1503.68506
